x,y,step_length,turn_angle,straightness
0.0,0.0,1.2055357673227411,-0.02598003300721171,0.9434872150510244
0.0,0.0,-0.488148894200666,0.01051990718776576,-0.3820394659400625
