{"flee_frac":0,"step":93420,"p_disturbance":0.017083028331398964,"calm_frac":0.99755859375,"r_align":0.4289402663707733,"_step":89,"r_dist":0.292420893907547,"r_monitoring":0.6027562618255615,"_wandb":{"runtime":124},"mean_disturbance":0.017083028014773974,"r_vis":1,"avoid_frac":0.00244140625,"_runtime":124,"_timestamp":1.7728282350165858e+09,"reward_100_avg":0.3093532621860504}