{"_timestamp":1.7728272681303203e+09,"avoid_frac":0.01904296875,"_step":196,"_runtime":409,"r_vis":1,"reward_100_avg":0.5328965783119202,"flee_frac":0.0146484375,"r_dist":0.3532455861568451,"_wandb":{"runtime":409},"r_monitoring":0.6303589344024658,"step":312214,"r_align":0.44530433416366577,"mean_disturbance":0.055460381094871926,"p_disturbance":0.055460408329963684,"calm_frac":0.96630859375}